{
  "total_datasets_analyzed": 9,
  "datasets_with_scaling_data": 9,
  "scaling_metric_columns_found": [
    "variance",
    "pca_variance_std",
    "pca_variance_ratio",
    "robust_scaling_method",
    "std_pca_variance_std",
    "std_pca_variance_ratio",
    "variance_reduction_ratio",
    "pca_variance_std_improvement",
    "pca_variance_ratio_improvement"
  ],
  "scaling_effectiveness_summary": {
    "mirna": {
      "samples_analyzed": 9,
      "variance_metrics_available": [
        "variance",
        "pca_variance_std",
        "pca_variance_ratio",
        "std_pca_variance_std",
        "std_pca_variance_ratio",
        "variance_reduction_ratio",
        "pca_variance_std_improvement",
        "pca_variance_ratio_improvement"
      ],
      "datasets_represented": [
        "AML",
        "Sarcoma",
        "Breast",
        "Colon",
        "Kidney",
        "Liver",
        "Lung",
        "Melanoma",
        "Ovarian"
      ],
      "variance_stats": {
        "mean": 0.1536815731105708,
        "median": 0.155421693452241,
        "std": 0.003182197485639804,
        "min": 0.149555494571306,
        "max": 0.1572242018410499,
        "count": 9
      },
      "pca_variance_std_stats": {
        "mean": 2.747649894820319,
        "median": 2.6603379249572754,
        "std": 0.7394891952490988,
        "min": 1.8029958009719849,
        "max": 3.806342601776123,
        "count": 9
      },
      "pca_variance_ratio_stats": {
        "mean": 8.416292084587944,
        "median": 7.831225395202637,
        "std": 2.8060353993050997,
        "min": 4.664609432220459,
        "max": 13.138107299804688,
        "count": 9
      },
      "std_pca_variance_std_stats": {
        "mean": 5.282627529568142,
        "median": 5.028275966644287,
        "std": 1.4003433144460262,
        "min": 3.4819560050964355,
        "max": 7.072916030883789,
        "count": 9
      },
      "std_pca_variance_ratio_stats": {
        "mean": 8.006072998046875,
        "median": 7.802752494812012,
        "std": 2.5900851350252543,
        "min": 4.428854465484619,
        "max": 11.569380760192873,
        "count": 9
      },
      "variance_reduction_ratio_stats": {
        "mean": 0.5217790989034495,
        "median": 0.5178111952974114,
        "std": 0.0472263781692517,
        "min": 0.4560058436667129,
        "max": 0.6068439523530349,
        "count": 9
      },
      "pca_variance_std_improvement_stats": {
        "mean": 2.5349776347478232,
        "median": 2.66221284866333,
        "std": 0.7494490891394395,
        "min": 1.678960204124451,
        "max": 3.626621007919312,
        "count": 9
      },
      "pca_variance_ratio_improvement_stats": {
        "mean": -0.41021908654106987,
        "median": -0.3259191513061523,
        "std": 0.5110416231500376,
        "min": -1.5687265396118164,
        "max": 0.1408729553222656,
        "count": 9
      }
    },
    "exp": {
      "samples_analyzed": 9,
      "variance_metrics_available": [
        "variance",
        "pca_variance_std",
        "pca_variance_ratio",
        "std_pca_variance_std",
        "std_pca_variance_ratio",
        "variance_reduction_ratio",
        "pca_variance_std_improvement",
        "pca_variance_ratio_improvement"
      ],
      "datasets_represented": [
        "AML",
        "Sarcoma",
        "Breast",
        "Colon",
        "Kidney",
        "Liver",
        "Lung",
        "Melanoma",
        "Ovarian"
      ],
      "variance_stats": {
        "mean": 0.4688691874355919,
        "median": 0.4726024061875513,
        "std": 0.022077991216722236,
        "min": 0.429928847784268,
        "max": 0.5027239245937523,
        "count": 9
      },
      "pca_variance_std_stats": {
        "mean": 29.50486225552029,
        "median": 26.763307571411133,
        "std": 9.633198109190074,
        "min": 17.298412322998047,
        "max": 48.97686004638672,
        "count": 9
      },
      "pca_variance_ratio_stats": {
        "mean": 10.916755146450466,
        "median": 9.518577575683594,
        "std": 4.358197851824298,
        "min": 5.532381057739258,
        "max": 19.500585556030277,
        "count": 9
      },
      "std_pca_variance_std_stats": {
        "mean": 64.71619076199002,
        "median": 64.02894592285156,
        "std": 20.107628782564273,
        "min": 37.52017974853516,
        "max": 104.26625061035156,
        "count": 9
      },
      "std_pca_variance_ratio_stats": {
        "mean": 11.09459670384725,
        "median": 9.52200984954834,
        "std": 4.364019624504818,
        "min": 5.60890531539917,
        "max": 19.408523559570312,
        "count": 9
      },
      "variance_reduction_ratio_stats": {
        "mean": 0.4554449513533309,
        "median": 0.4610428958212387,
        "std": 0.027081840371041468,
        "min": 0.3996858826770851,
        "max": 0.4970233289140973,
        "count": 9
      },
      "pca_variance_std_improvement_stats": {
        "mean": 35.21132850646973,
        "median": 34.6468391418457,
        "std": 10.795817663974628,
        "min": 20.22176742553711,
        "max": 55.28939056396485,
        "count": 9
      },
      "pca_variance_ratio_improvement_stats": {
        "mean": 0.17784155739678276,
        "median": 0.0765242576599121,
        "std": 0.38560385196366775,
        "min": -0.3156051635742187,
        "max": 0.9643030166625975,
        "count": 9
      }
    },
    "methy": {
      "samples_analyzed": 9,
      "variance_metrics_available": [
        "variance",
        "pca_variance_std",
        "pca_variance_ratio",
        "std_pca_variance_std",
        "std_pca_variance_ratio",
        "variance_reduction_ratio",
        "pca_variance_std_improvement",
        "pca_variance_ratio_improvement"
      ],
      "datasets_represented": [
        "AML",
        "Sarcoma",
        "Breast",
        "Colon",
        "Kidney",
        "Liver",
        "Lung",
        "Melanoma",
        "Ovarian"
      ],
      "variance_stats": {
        "mean": 0.12227654805208957,
        "median": 0.1258401249025889,
        "std": 0.008077487179344691,
        "min": 0.1090369319510422,
        "max": 0.1331211220176555,
        "count": 9
      },
      "pca_variance_std_stats": {
        "mean": 44.7038205464681,
        "median": 37.20294952392578,
        "std": 17.383835919653954,
        "min": 26.503774642944336,
        "max": 74.40605926513672,
        "count": 9
      },
      "pca_variance_ratio_stats": {
        "mean": 31.127553092108833,
        "median": 25.98006629943848,
        "std": 22.84639916298545,
        "min": 12.422307968139648,
        "max": 85.81372833251953,
        "count": 9
      },
      "std_pca_variance_std_stats": {
        "mean": 154.38212161593967,
        "median": 132.67828369140625,
        "std": 67.39753780442115,
        "min": 81.79029846191406,
        "max": 291.79962158203125,
        "count": 9
      },
      "std_pca_variance_ratio_stats": {
        "mean": 31.66188187069363,
        "median": 26.425540924072266,
        "std": 23.505917692286197,
        "min": 12.31494140625,
        "max": 87.72594451904297,
        "count": 9
      },
      "variance_reduction_ratio_stats": {
        "mean": 0.29585499238534246,
        "median": 0.2802107492821654,
        "std": 0.039445392012876626,
        "min": 0.2549902527691234,
        "max": 0.3800301210269973,
        "count": 9
      },
      "pca_variance_std_improvement_stats": {
        "mean": 109.67830106947157,
        "median": 96.74771881103516,
        "std": 50.84473072312409,
        "min": 50.70752143859863,
        "max": 217.39356231689453,
        "count": 9
      },
      "pca_variance_ratio_improvement_stats": {
        "mean": 0.5343287785847982,
        "median": 0.445474624633789,
        "std": 0.7011565635534207,
        "min": -0.1073665618896484,
        "max": 1.9122161865234373,
        "count": 9
      }
    }
  }
}