{
  "total_datasets_analyzed": 3,
  "datasets_with_scaling_data": 3,
  "scaling_metric_columns_found": [
    "variance",
    "pca_variance_std",
    "pca_variance_ratio",
    "robust_scaling_method",
    "std_pca_variance_std",
    "std_pca_variance_ratio",
    "variance_reduction_ratio",
    "pca_variance_std_improvement",
    "pca_variance_ratio_improvement"
  ],
  "scaling_effectiveness_summary": {
    "mirna": {
      "samples_analyzed": 3,
      "variance_metrics_available": [
        "variance",
        "pca_variance_std",
        "pca_variance_ratio",
        "std_pca_variance_std",
        "std_pca_variance_ratio",
        "variance_reduction_ratio",
        "pca_variance_std_improvement",
        "pca_variance_ratio_improvement"
      ],
      "datasets_represented": [
        "AML",
        "Breast",
        "Colon"
      ],
      "variance_stats": {
        "mean": 0.15494475325175053,
        "median": 0.1527609095287738,
        "std": 0.006438792717126631,
        "min": 0.1498819069129462,
        "max": 0.1621914433135316,
        "count": 3
      },
      "pca_variance_std_stats": {
        "mean": 1.3880105415980022,
        "median": 0.9153573513031006,
        "std": 1.1783094433776844,
        "min": 0.5194107294082642,
        "max": 2.7292635440826416,
        "count": 3
      },
      "pca_variance_ratio_stats": {
        "mean": 6.880930431927726,
        "median": 5.529224027017572,
        "std": 3.111659727183549,
        "min": 4.673713464586436,
        "max": 10.439853804179169,
        "count": 3
      },
      "std_pca_variance_std_stats": {
        "mean": 2.8620009223620095,
        "median": 1.779136300086975,
        "std": 2.7032695329237586,
        "min": 0.8680399060249329,
        "max": 5.938826560974121,
        "count": 3
      },
      "std_pca_variance_ratio_stats": {
        "mean": 6.350779230016808,
        "median": 5.537715833841879,
        "std": 3.735658099690771,
        "min": 3.0886139696276502,
        "max": 10.426007886580898,
        "count": 3
      },
      "variance_reduction_ratio_stats": {
        "mean": 0.5241433532744623,
        "median": 0.5144953488152382,
        "std": 0.06990572534356931,
        "min": 0.4595627631252076,
        "max": 0.598371947882941,
        "count": 3
      },
      "pca_variance_std_improvement_stats": {
        "mean": 1.4739903807640076,
        "median": 0.8637789487838745,
        "std": 1.5249603612542941,
        "min": 0.3486291766166687,
        "max": 3.2095630168914795,
        "count": 3
      },
      "pca_variance_ratio_improvement_stats": {
        "mean": -0.5301512019109169,
        "median": -0.013845917598271,
        "std": 0.9136802883046969,
        "min": -1.585099494958786,
        "max": 0.0084918068243062,
        "count": 3
      }
    },
    "exp": {
      "samples_analyzed": 3,
      "variance_metrics_available": [
        "variance",
        "pca_variance_std",
        "pca_variance_ratio",
        "std_pca_variance_std",
        "std_pca_variance_ratio",
        "variance_reduction_ratio",
        "pca_variance_std_improvement",
        "pca_variance_ratio_improvement"
      ],
      "datasets_represented": [
        "AML",
        "Breast",
        "Colon"
      ],
      "variance_stats": {
        "mean": 0.373764115303621,
        "median": 0.3540966764962974,
        "std": 0.05522022121024232,
        "min": 0.3310700637801034,
        "max": 0.4361256056344622,
        "count": 3
      },
      "pca_variance_std_stats": {
        "mean": 3.630459467569987,
        "median": 1.5043725967407229,
        "std": 3.996719144743206,
        "min": 1.1461687088012695,
        "max": 8.240837097167969,
        "count": 3
      },
      "pca_variance_ratio_stats": {
        "mean": 8.927681421707122,
        "median": 8.186026597126032,
        "std": 4.055223484708823,
        "min": 5.294473544216161,
        "max": 13.302544123779173,
        "count": 3
      },
      "std_pca_variance_std_stats": {
        "mean": 8.851247708002726,
        "median": 4.234971046447754,
        "std": 8.486235234483601,
        "min": 3.673821210861206,
        "max": 18.64495086669922,
        "count": 3
      },
      "std_pca_variance_ratio_stats": {
        "mean": 8.989627130386866,
        "median": 8.535696569838695,
        "std": 3.536208958581553,
        "min": 5.702302427833303,
        "max": 12.7308823934886,
        "count": 3
      },
      "variance_reduction_ratio_stats": {
        "mean": 0.3697321653189601,
        "median": 0.355226182243341,
        "std": 0.06620525170529386,
        "min": 0.3119827130979485,
        "max": 0.4419876006155908,
        "count": 3
      },
      "pca_variance_std_improvement_stats": {
        "mean": 5.220788240432739,
        "median": 2.7305984497070312,
        "std": 4.490038353941964,
        "min": 2.5276525020599365,
        "max": 10.40411376953125,
        "count": 3
      },
      "pca_variance_ratio_improvement_stats": {
        "mean": 0.06194570867974358,
        "median": 0.3496699727126628,
        "std": 0.5494901316386782,
        "min": -0.5716617302905735,
        "max": 0.4078288836171415,
        "count": 3
      }
    },
    "methy": {
      "samples_analyzed": 3,
      "variance_metrics_available": [
        "variance",
        "pca_variance_std",
        "pca_variance_ratio",
        "std_pca_variance_std",
        "std_pca_variance_ratio",
        "variance_reduction_ratio",
        "pca_variance_std_improvement",
        "pca_variance_ratio_improvement"
      ],
      "datasets_represented": [
        "AML",
        "Breast",
        "Colon"
      ],
      "variance_stats": {
        "mean": 0.13379417502594326,
        "median": 0.1369460555657866,
        "std": 0.006447084196633909,
        "min": 0.1263775043705814,
        "max": 0.1380589651414618,
        "count": 3
      },
      "pca_variance_std_stats": {
        "mean": 2.5954137245814004,
        "median": 1.9699586629867556,
        "std": 2.101453357507788,
        "min": 0.8776953220367432,
        "max": 4.938587188720703,
        "count": 3
      },
      "pca_variance_ratio_stats": {
        "mean": 14.59041568233826,
        "median": 12.60496464738871,
        "std": 10.856499181130463,
        "min": 4.86367000899631,
        "max": 26.30261239062976,
        "count": 3
      },
      "std_pca_variance_std_stats": {
        "mean": 10.211512247721354,
        "median": 8.104598045349121,
        "std": 7.651786147622016,
        "min": 3.833918571472168,
        "max": 18.696020126342773,
        "count": 3
      },
      "std_pca_variance_ratio_stats": {
        "mean": 18.948776777968387,
        "median": 18.828002749517875,
        "std": 11.614563374735013,
        "min": 7.3950713777483825,
        "max": 30.623256206638896,
        "count": 3
      },
      "variance_reduction_ratio_stats": {
        "mean": 0.24538254351525843,
        "median": 0.2430667939315299,
        "std": 0.01772519244457429,
        "min": 0.2289290462681165,
        "max": 0.2641517903461289,
        "count": 3
      },
      "pca_variance_std_improvement_stats": {
        "mean": 7.616098523139954,
        "median": 6.134639382362366,
        "std": 5.550907454767136,
        "min": 2.956223249435425,
        "max": 13.75743293762207,
        "count": 3
      },
      "pca_variance_ratio_improvement_stats": {
        "mean": 4.358361095630124,
        "median": 4.320643816009135,
        "std": 1.846107360824738,
        "min": 2.531401368752072,
        "max": 6.2230381021291645,
        "count": 3
      }
    }
  }
}