Feature,Statistic,P-value,Adjusted_P-value,Significant
mir.3677,-3.506847263053497,0.0006073769087412835,0.002787962023022556,True
mir.3941,-3.335716261597525,0.0010454857586334584,0.002787962023022556,True
mir.361,-3.394837798428419,0.0008743605544871835,0.002787962023022556,True
mir.19b.2,-2.2631167766156675,0.025448748633965488,0.050897497267930976,False
mir.181c,-2.0106616411554303,0.04584079741756555,0.05238948276293205,False
mir.301b,-2.13313994636672,0.0352913211144901,0.05238948276293205,False
mir.320a,-2.0167985518605667,0.045525216766693626,0.05238948276293205,False
mir.29c,1.5672287550656625,0.1185932074079202,0.1185932074079202,False
