{
  "best_params": {
    "model__l1_ratio": 0.7000000000000001,
    "model__alpha": 10.0,
    "extractor__n_components": 2,
    "extractor__gamma": 0.025118864315095794
  },
  "best_score": -0.016252307277795364
}