Selected_Features,Runtime_seconds
ALDH1A1.216,412.07121205329895
MORC4.79710,412.07121205329895
SP100.6672,412.07121205329895
cg00663077,412.07121205329895
cg03048083,412.07121205329895
cg26799209,412.07121205329895
