Selected_Features,Runtime_seconds
ALDH1A1.216,431.3091607093811
B3GALT4.8705,431.3091607093811
CAMK2D.817,431.3091607093811
DHH.50846,431.3091607093811
DHRS12.79758,431.3091607093811
ESCO1.114799,431.3091607093811
FAM164C.79696,431.3091607093811
MORC4.79710,431.3091607093811
PIGB.9488,431.3091607093811
RAB7L1.8934,431.3091607093811
RLIM.51132,431.3091607093811
SLC22A18.5002,431.3091607093811
SRPK1.6732,431.3091607093811
TARDBP.23435,431.3091607093811
TLR1.7096,431.3091607093811
cg00663077,431.3091607093811
cg01916088,431.3091607093811
cg03048083,431.3091607093811
cg06744585,431.3091607093811
cg13448968,431.3091607093811
cg26799209,431.3091607093811
