Selected_Features,Runtime_seconds
ALDH1A1.216,1737.5140097141266
AP3S2.10239,1737.5140097141266
B3GALT4.8705,1737.5140097141266
ESCO1.114799,1737.5140097141266
FAM164C.79696,1737.5140097141266
MORC4.79710,1737.5140097141266
RLIM.51132,1737.5140097141266
SP100.6672,1737.5140097141266
SRPK1.6732,1737.5140097141266
TLR1.7096,1737.5140097141266
cg00663077,1737.5140097141266
cg03048083,1737.5140097141266
cg06428620,1737.5140097141266
cg26799209,1737.5140097141266
