Selected_Features,Runtime_seconds
ALDH1A1.216,420.96655082702637
B3GALT4.8705,420.96655082702637
FAM164C.79696,420.96655082702637
GLO1.2739,420.96655082702637
MORC4.79710,420.96655082702637
PUM1.9698,420.96655082702637
RLIM.51132,420.96655082702637
SRPK1.6732,420.96655082702637
TLR1.7096,420.96655082702637
ZNF280C.55609,420.96655082702637
cg00663077,420.96655082702637
cg01916088,420.96655082702637
cg03048083,420.96655082702637
cg06428620,420.96655082702637
cg06744585,420.96655082702637
cg13448968,420.96655082702637
cg26799209,420.96655082702637
