Selected_Features,Runtime_seconds
ALDH1A1.216,417.5436863899231
GALK2.2585,417.5436863899231
GLO1.2739,417.5436863899231
MORC4.79710,417.5436863899231
SP100.6672,417.5436863899231
SRPK1.6732,417.5436863899231
TLR1.7096,417.5436863899231
ZDHHC4.55146,417.5436863899231
cg03048083,417.5436863899231
cg06428620,417.5436863899231
cg07835424,417.5436863899231
cg13448968,417.5436863899231
cg26799209,417.5436863899231
