Selected_Features,Runtime_seconds
ALDH1A1.216,420.88393545150757
B3GALT4.8705,420.88393545150757
DHRS12.79758,420.88393545150757
ESCO1.114799,420.88393545150757
FAM164C.79696,420.88393545150757
MORC4.79710,420.88393545150757
SP100.6672,420.88393545150757
TLR1.7096,420.88393545150757
ZNF280C.55609,420.88393545150757
cg06428620,420.88393545150757
cg06744585,420.88393545150757
