Selected_Features,Runtime_seconds
ALDH1A1.216,420.4813904762268
B3GALT4.8705,420.4813904762268
FAM164C.79696,420.4813904762268
GLO1.2739,420.4813904762268
MORC4.79710,420.4813904762268
RLIM.51132,420.4813904762268
SRPK1.6732,420.4813904762268
TLR1.7096,420.4813904762268
cg03048083,420.4813904762268
cg06744585,420.4813904762268
cg07835424,420.4813904762268
cg26799209,420.4813904762268
