Selected_Features,Runtime_seconds
ALDH1A1.216,340.2974157333374
B3GALT4.8705,340.2974157333374
DHRS12.79758,340.2974157333374
ESCO1.114799,340.2974157333374
FAM164C.79696,340.2974157333374
MORC4.79710,340.2974157333374
RAB7L1.8934,340.2974157333374
RLIM.51132,340.2974157333374
SRPK1.6732,340.2974157333374
TARDBP.23435,340.2974157333374
TLR1.7096,340.2974157333374
cg00663077,340.2974157333374
cg03048083,340.2974157333374
cg23030069,340.2974157333374
cg26799209,340.2974157333374
