Selected_Features,Runtime_seconds
ALDH1A1.216,330.7434113025665
B3GALT4.8705,330.7434113025665
DHRS12.79758,330.7434113025665
ESCO1.114799,330.7434113025665
FAM164C.79696,330.7434113025665
MORC4.79710,330.7434113025665
RAB7L1.8934,330.7434113025665
RLIM.51132,330.7434113025665
SRPK1.6732,330.7434113025665
TARDBP.23435,330.7434113025665
TLR1.7096,330.7434113025665
cg00663077,330.7434113025665
cg03048083,330.7434113025665
cg23030069,330.7434113025665
cg26799209,330.7434113025665
