Selected_Features,Runtime_seconds
ALDH1A1.216,420.6418433189392
B3GALT4.8705,420.6418433189392
DHH.50846,420.6418433189392
ESCO1.114799,420.6418433189392
FAM164C.79696,420.6418433189392
MORC4.79710,420.6418433189392
RAB7L1.8934,420.6418433189392
SP100.6672,420.6418433189392
SRPK1.6732,420.6418433189392
TSPAN6.7105,420.6418433189392
cg03048083,420.6418433189392
cg06744585,420.6418433189392
cg13448968,420.6418433189392
cg26799209,420.6418433189392
