Selected_Features,Runtime_seconds
ALDH1A1.216,418.66413831710815
B3GALT4.8705,418.66413831710815
CCNDBP1.23582,418.66413831710815
ESCO1.114799,418.66413831710815
MORC4.79710,418.66413831710815
NUDCD1.84955,418.66413831710815
RAB7L1.8934,418.66413831710815
TLR1.7096,418.66413831710815
cg00151709,418.66413831710815
cg00663077,418.66413831710815
cg03048083,418.66413831710815
cg13448968,418.66413831710815
