{
  "analysis": {
    "overall_summary": {
      "total_experiments": 10206,
      "valid_fit_time_experiments": 10206,
      "min_fit_time": 0.0008002281188964844,
      "max_fit_time": 42.593051481246945,
      "mean_fit_time": 0.1477421124682762,
      "median_fit_time": 0.06280777454376221,
      "std_fit_time": 0.4585605906813154
    },
    "by_algorithm_type": {
      "extractor": {
        "count": 2916,
        "min_fit_time": 0.0008002281188964844,
        "max_fit_time": 42.593051481246945,
        "mean_fit_time": 0.10540987992319388,
        "median_fit_time": 0.042179656028747556,
        "std_fit_time": 0.7956735495041263
      },
      "selector": {
        "count": 7290,
        "min_fit_time": 0.0009044170379638672,
        "max_fit_time": 1.3610144138336182,
        "mean_fit_time": 0.16467500548630912,
        "median_fit_time": 0.07750473022460938,
        "std_fit_time": 0.2005252305929609
      }
    },
    "by_fusion_method": {
      "average": {
        "count": 1701,
        "min_fit_time": 0.0008002281188964844,
        "max_fit_time": 0.7719882011413575,
        "mean_fit_time": 0.12435934878601038,
        "median_fit_time": 0.0443453311920166,
        "std_fit_time": 0.16439408480106552
      },
      "attention_weighted": {
        "count": 567,
        "min_fit_time": 0.001199817657470703,
        "max_fit_time": 2.0605565547943114,
        "mean_fit_time": 0.1534684957440358,
        "median_fit_time": 0.05235500335693359,
        "std_fit_time": 0.21708174566502053
      },
      "mkl": {
        "count": 1701,
        "min_fit_time": 0.0008011817932128906,
        "max_fit_time": 1.2992969036102295,
        "mean_fit_time": 0.1614595647001182,
        "median_fit_time": 0.08306913375854492,
        "std_fit_time": 0.20010769913567908
      },
      "learnable_weighted": {
        "count": 567,
        "min_fit_time": 0.001399850845336914,
        "max_fit_time": 1.8717594146728516,
        "mean_fit_time": 0.15351101624692348,
        "median_fit_time": 0.05315465927124023,
        "std_fit_time": 0.21459254670909544
      },
      "standard_concat": {
        "count": 567,
        "min_fit_time": 0.0010004520416259765,
        "max_fit_time": 1.8237980842590331,
        "mean_fit_time": 0.17079438608159464,
        "median_fit_time": 0.08703198432922363,
        "std_fit_time": 0.21745041275878688
      },
      "early_fusion_pca": {
        "count": 1701,
        "min_fit_time": 0.0008012294769287109,
        "max_fit_time": 0.7670567989349365,
        "mean_fit_time": 0.13452722915546253,
        "median_fit_time": 0.06096768379211426,
        "std_fit_time": 0.16547030242938665
      },
      "sum": {
        "count": 1701,
        "min_fit_time": 0.0008002758026123047,
        "max_fit_time": 42.593051481246945,
        "mean_fit_time": 0.17751188987426939,
        "median_fit_time": 0.08045821189880371,
        "std_fit_time": 1.0451233869036713
      },
      "max": {
        "count": 1701,
        "min_fit_time": 0.0008009910583496094,
        "max_fit_time": 0.7863600254058838,
        "mean_fit_time": 0.12933667626961198,
        "median_fit_time": 0.04959845542907715,
        "std_fit_time": 0.1626463043769884
      }
    },
    "by_model": {
      "LinearRegression": {
        "count": 756,
        "min_fit_time": 0.0034863948822021484,
        "max_fit_time": 0.8953616142272949,
        "mean_fit_time": 0.12664066546808475,
        "median_fit_time": 0.08647282123565674,
        "std_fit_time": 0.18455997940937377
      },
      "ElasticNet": {
        "count": 756,
        "min_fit_time": 0.03187088966369629,
        "max_fit_time": 0.23105125427246093,
        "mean_fit_time": 0.050084095215671275,
        "median_fit_time": 0.03973498344421387,
        "std_fit_time": 0.031112496537123488
      },
      "RandomForestRegressor": {
        "count": 756,
        "min_fit_time": 0.10498414039611817,
        "max_fit_time": 0.6732851505279541,
        "mean_fit_time": 0.2552105744679769,
        "median_fit_time": 0.28616580963134763,
        "std_fit_time": 0.0995154314208864
      },
      "LogisticRegression": {
        "count": 2646,
        "min_fit_time": 0.0008002281188964844,
        "max_fit_time": 2.0605565547943114,
        "mean_fit_time": 0.012785747748653905,
        "median_fit_time": 0.006433510780334472,
        "std_fit_time": 0.07108778660145545
      },
      "RandomForestClassifier": {
        "count": 2646,
        "min_fit_time": 0.077885103225708,
        "max_fit_time": 42.593051481246945,
        "mean_fit_time": 0.3493144548939469,
        "median_fit_time": 0.2496814489364624,
        "std_fit_time": 0.8425342687990901
      },
      "SVC": {
        "count": 2646,
        "min_fit_time": 0.0026025772094726562,
        "max_fit_time": 0.8851759910583497,
        "mean_fit_time": 0.08435213540596938,
        "median_fit_time": 0.046445250511169434,
        "std_fit_time": 0.12047498632269425
      }
    },
    "by_task_type": {
      "regression": {
        "count": 2268,
        "min_fit_time": 0.0034863948822021484,
        "max_fit_time": 0.8953616142272949,
        "mean_fit_time": 0.14397844505057764,
        "median_fit_time": 0.09031486511230469,
        "std_fit_time": 0.14876476545702697
      },
      "classification": {
        "count": 7938,
        "min_fit_time": 0.0008002281188964844,
        "max_fit_time": 42.593051481246945,
        "mean_fit_time": 0.14881744601619007,
        "median_fit_time": 0.04816415309906005,
        "std_fit_time": 0.5138466872581271
      }
    },
    "by_missing_percentage": {
      "0%": {
        "count": 4536,
        "min_fit_time": 0.0008004188537597656,
        "max_fit_time": 2.0605565547943114,
        "mean_fit_time": 0.14728834661646917,
        "median_fit_time": 0.061857414245605466,
        "std_fit_time": 0.19222500926787553
      },
      "20%": {
        "count": 2835,
        "min_fit_time": 0.00080108642578125,
        "max_fit_time": 1.2219189167022706,
        "mean_fit_time": 0.14197402775813245,
        "median_fit_time": 0.06389684677124023,
        "std_fit_time": 0.17840659670572206
      },
      "50%": {
        "count": 2835,
        "min_fit_time": 0.0008002281188964844,
        "max_fit_time": 42.593051481246945,
        "mean_fit_time": 0.15423622254131122,
        "median_fit_time": 0.06283197402954102,
        "std_fit_time": 0.8161861226095427
      }
    },
    "extreme_cases": {
      "fastest": {
        "fit_time": 0.0008002281188964844,
        "dataset": "Ovarian",
        "algorithm": "LDA",
        "fusion_method": "average",
        "model": "LogisticRegression",
        "task_type": "classification"
      },
      "slowest": {
        "fit_time": 42.593051481246945,
        "dataset": "Melanoma",
        "algorithm": "SparsePLS",
        "fusion_method": "sum",
        "model": "RandomForestClassifier",
        "task_type": "classification"
      }
    }
  },
  "algorithm_analysis": {
    "PCA": {
      "type": "extractor",
      "count": 486,
      "min_fit_time": 0.0010015010833740235,
      "max_fit_time": 0.3666827201843262,
      "mean_fit_time": 0.08209410547719571,
      "median_fit_time": 0.04644563198089599,
      "std_fit_time": 0.08440261649217179,
      "regression_count": 108,
      "classification_count": 378
    },
    "KPCA": {
      "type": "extractor",
      "count": 486,
      "min_fit_time": 0.0013014316558837891,
      "max_fit_time": 0.5210527420043946,
      "mean_fit_time": 0.07404342158831687,
      "median_fit_time": 0.03443465232849121,
      "std_fit_time": 0.08545797286636544,
      "regression_count": 108,
      "classification_count": 378
    },
    "FA": {
      "type": "extractor",
      "count": 486,
      "min_fit_time": 0.00080108642578125,
      "max_fit_time": 0.3612091064453125,
      "mean_fit_time": 0.09590169225700597,
      "median_fit_time": 0.05047011375427246,
      "std_fit_time": 0.10057295591694525,
      "regression_count": 108,